,City,Latitude,Longitude,Max Temp,Humidity,Cloudiness,Wind Speed,Country,Date
0,Kalmunai,7.42,81.82,79.61,76,97,2.46,LK,1603662340
1,Torbay,47.67,-52.73,41.27,80,75,20.8,CA,1603662340
2,Antsohihy,-14.88,47.99,75.85,58,27,5.99,MG,1603662340
3,Ixtapa,20.7,-105.2,87.91,74,20,9.17,MX,1603662340
4,Codrington,-38.27,141.97,51.96,70,0,18.77,AU,1603662340
5,Lompoc,34.64,-120.46,64.47,59,90,12.75,US,1603662340
6,Yarmouth,41.71,-70.23,48.34,66,90,5.82,US,1603662341
7,Gamba,-2.65,10.0,76.68,88,100,8.25,GA,1603662341
8,Tuatapere,-46.13,167.68,52.0,64,90,5.99,NZ,1603662341
9,Punta Arenas,-53.15,-70.92,44.6,81,75,4.7,CL,1603662232
10,Faanui,-16.48,-151.75,80.49,68,22,6.62,PF,1603662192
11,Laguna,38.42,-121.42,68.99,32,1,16.11,US,1603662263
12,Port Alfred,-33.59,26.89,65.46,80,95,2.62,ZA,1603662342
13,Geraldton,-28.77,114.6,57.2,87,0,5.82,AU,1603662342
14,Kirkwood,38.58,-90.41,49.5,66,90,9.17,US,1603662070
15,Charters Towers,-20.1,146.27,77.77,40,6,10.76,AU,1603662342
16,Pevek,69.7,170.31,26.24,97,100,8.32,RU,1603662342
17,Barrow,71.29,-156.79,26.6,68,90,8.05,US,1603662343
18,Avarua,-21.21,-159.78,77.0,65,71,13.87,CK,1603662183
19,Faya,18.39,42.45,62.6,17,0,1.99,SA,1603662324
20,Rikitea,-23.12,-134.97,74.57,81,100,21.52,PF,1603662343
21,Puerto Ayora,-0.74,-90.35,71.33,78,20,13.87,EC,1603662199
22,Dingle,11.0,122.67,75.97,90,100,17.13,PH,1603662321
23,Monrovia,6.3,-10.8,79.2,84,1,6.73,LR,1603662344
24,Smidovich,48.6,133.82,35.83,84,0,3.67,RU,1603662344
25,Vezirköprü,41.14,35.45,50.0,39,0,1.25,TR,1603662344
26,Arlit,18.74,7.39,79.66,16,0,12.1,NE,1603662344
27,Rengasdengklok,-6.16,107.3,76.08,94,20,3.33,ID,1603662344
28,Nacogdoches,31.6,-94.63,61.43,93,90,5.82,US,1603662344
29,Charleston,32.78,-79.93,75.76,88,40,4.7,US,1603662249
30,Jamestown,42.1,-79.24,44.71,70,90,9.17,US,1603662230
31,Ushuaia,-54.8,-68.3,53.6,46,40,3.36,AR,1603662345
32,Chui,-33.7,-53.46,68.07,86,100,16.26,UY,1603662346
33,Bilma,18.69,12.92,72.0,22,0,3.47,NE,1603662256
34,Tamandaré,-8.76,-35.1,77.43,81,49,10.47,BR,1603662346
35,Calama,-22.47,-68.93,75.2,13,0,20.8,CL,1603662346
36,Busselton,-33.65,115.33,53.01,68,0,3.42,AU,1603662346
37,Hobart,-42.88,147.33,48.24,70,75,5.82,AU,1603662347
38,Hermanus,-34.42,19.23,61.0,83,85,13.62,ZA,1603662347
39,Leningradskiy,69.38,178.42,23.97,90,63,5.53,RU,1603662347
40,Bambous Virieux,-20.34,57.76,72.27,88,75,11.41,MU,1603662334
41,Kungurtug,50.6,97.52,13.42,82,0,2.73,RU,1603662347
42,Smithers,54.78,-127.17,24.8,68,90,4.7,CA,1603662348
43,Man,7.41,-7.55,73.54,74,37,1.63,CI,1603662348
44,Baiyin,36.56,104.21,36.95,58,0,4.47,CN,1603662348
45,Pontianak,-0.03,109.33,75.72,90,97,2.51,ID,1603662348
46,East London,-33.02,27.91,66.92,70,98,2.86,ZA,1603662256
47,Trairi,-3.28,-39.27,80.04,77,50,11.36,BR,1603662348
48,Caravelas,-17.71,-39.25,72.86,97,100,6.49,BR,1603662349
49,Bluff,-46.6,168.33,52.0,64,63,5.99,NZ,1603662231
50,Nyurba,63.28,118.33,17.67,89,100,9.93,RU,1603662349
51,Mahébourg,-20.41,57.7,71.6,88,75,11.41,MU,1603662220
52,Mataura,-46.19,168.86,52.0,64,93,5.99,NZ,1603662349
53,New Norfolk,-42.78,147.06,46.51,62,2,1.01,AU,1603662349
54,Honiara,-9.43,159.95,80.6,83,40,5.82,SB,1603662350
55,Eydhafushi,5.1,73.07,81.63,77,100,11.61,MV,1603662350
56,Kjøllefjord,70.95,27.35,33.8,69,0,5.82,NO,1603662350
57,Lavrentiya,65.58,-171.0,33.66,89,97,7.94,RU,1603662350
58,Vaini,-21.2,-175.2,73.4,94,75,11.41,TO,1603662350
59,Ribeira Grande,38.52,-28.7,66.2,82,75,5.82,PT,1603662350
60,Vao,-22.67,167.48,72.43,80,6,12.71,NC,1603662319
61,Marabu,4.41,114.01,75.11,94,40,5.82,MY,1603662306
62,Provideniya,64.38,-173.3,35.6,69,75,6.71,RU,1603662351
63,Kahului,20.89,-156.47,85.69,49,40,11.41,US,1603662327
64,Muros,42.78,-9.06,48.54,93,99,14.85,ES,1603662351
65,Constitución,-35.33,-72.42,55.9,63,0,17.6,CL,1603662351
66,Toora-Khem,52.47,96.11,16.93,83,77,2.64,RU,1603662351
67,Vanavara,60.34,102.28,22.05,97,65,3.71,RU,1603662352
68,Moengo,5.62,-54.4,80.24,77,53,4.63,SR,1603662352
69,Progreso,21.28,-89.67,87.8,66,75,6.93,MX,1603662352
70,Sola,-13.88,167.55,78.8,94,90,18.77,VU,1603662352
71,Verkhneyarkeyevo,55.45,54.31,39.81,81,100,14.99,RU,1603662352
72,Tikrit,34.61,43.68,64.33,26,2,3.65,IQ,1603662352
73,Anadyr,64.75,177.48,23.0,100,90,4.47,RU,1603662352
74,Airai,-8.93,125.41,63.41,95,98,1.66,TL,1603662352
75,Sitka,57.05,-135.33,42.8,75,90,12.75,US,1603662353
76,Bredasdorp,-34.53,20.04,60.8,93,100,9.17,ZA,1603662353
77,São Filipe,14.9,-24.5,82.92,61,95,16.13,CV,1603662353
78,Druskininkai,54.02,23.97,49.42,91,91,7.92,LT,1603662353
79,Beyneu,45.32,55.2,56.8,84,65,12.75,KZ,1603662353
80,Kapaa,22.08,-159.32,82.22,74,40,4.7,US,1603662328
81,Lorengau,-2.02,147.27,84.0,73,100,5.39,PG,1603662354
82,Cape Town,-33.93,18.42,61.34,77,0,20.8,ZA,1603662124
83,Cherskiy,68.75,161.3,14.18,96,100,0.76,RU,1603661800
84,Masumbwe,-3.63,32.18,70.63,70,46,1.01,TZ,1603662354
85,Nurlat,54.43,50.81,35.47,85,60,13.44,RU,1603662354
86,Bathsheba,13.22,-59.52,84.2,74,40,16.11,BB,1603661801
87,Castro,-24.79,-50.01,64.98,87,1,4.43,BR,1603662250
88,Carnarvon,-24.87,113.63,69.8,88,90,17.22,AU,1603662138
89,Tura,25.52,90.22,68.77,95,2,1.9,IN,1603662253
90,Zambezi,-13.54,23.1,71.47,26,11,2.98,ZM,1603662355
91,Ponta do Sol,32.67,-17.1,63.34,64,20,5.82,PT,1603662355
92,Norman Wells,65.28,-126.83,21.2,92,75,3.36,CA,1603662326
93,Hithadhoo,-0.6,73.08,83.16,70,44,6.26,MV,1603662323
94,Saint-Augustin,51.23,-58.65,33.04,84,3,12.71,CA,1603662357
95,Hong Kong,22.29,114.16,71.1,79,100,1.01,HK,1603662352
96,Hoskote,14.28,77.17,72.16,76,98,2.95,IN,1603662357
97,Hilo,19.73,-155.09,81.1,55,20,11.41,US,1603662196
98,Vallenar,-28.57,-70.76,79.56,16,0,7.11,CL,1603662357
99,Thompson,55.74,-97.86,24.8,79,75,6.8,CA,1603662357
100,Isangel,-19.55,169.27,80.6,69,75,11.1,VU,1603662358
101,Cabo Rojo,18.09,-67.15,84.6,76,22,3.0,PR,1603662319
102,Tutóia,-2.76,-42.27,80.89,79,58,12.44,BR,1603662358
103,Āsmār,35.03,71.36,56.12,36,0,8.34,AF,1603662358
104,Atuona,-9.8,-139.03,78.87,75,0,19.91,PF,1603662358
105,Lagoa,39.05,-27.98,63.95,61,53,2.39,PT,1603662358
106,Colquechaca,-18.67,-66.02,45.01,59,71,11.65,BO,1603662359
107,Albany,42.6,-73.97,46.06,48,0,3.38,US,1603662302
108,San Cristobal,7.77,-72.22,84.2,66,40,12.75,VE,1603662128
109,Kaili,-3.46,120.21,68.74,87,73,2.39,ID,1603662359
110,Chulym,55.1,80.96,37.69,95,100,15.7,RU,1603662360
111,Thiadiaye,14.42,-16.71,84.36,78,0,5.82,SN,1603662360
112,Laas,46.62,10.7,49.05,93,75,5.82,IT,1603662289
113,Labuhan,-6.88,112.21,78.85,84,97,8.08,ID,1603662360
114,Padang,-0.95,100.35,78.48,71,100,3.02,ID,1603662360
115,Vardø,70.37,31.11,37.4,64,75,20.8,NO,1603662360
116,Harlingen,26.19,-97.7,88.9,59,20,18.34,US,1603662360
117,Lamu,-2.27,40.9,78.8,83,20,4.7,KE,1603662361
118,Gimli,50.63,-96.99,26.92,98,96,5.99,CA,1603662361
119,Nikolskoye,59.7,30.79,42.24,93,90,6.71,RU,1603662361
120,Wattegama,6.8,81.48,75.51,82,100,2.01,LK,1603662361
121,Khatanga,71.97,102.5,6.35,95,94,9.66,RU,1603662361
122,Vanimo,-2.67,141.3,79.74,81,100,2.19,PG,1603662362
123,‘Āhuimanu,21.44,-157.84,83.43,66,40,8.05,US,1603662362
124,Bethel,41.37,-73.41,49.66,53,90,6.93,US,1603662362
125,Udachny,66.42,112.4,-2.2,84,0,2.24,RU,1603662362
126,Ilulissat,69.22,-51.1,14.0,56,68,2.24,GL,1603662362
127,Rawson,-43.3,-65.1,63.82,28,33,13.15,AR,1603662332
128,Longyearbyen,78.22,15.64,32.0,94,75,10.29,SJ,1603662160
129,Ndungu,-4.37,38.05,69.91,80,45,2.77,TZ,1603662363
130,Anloga,5.79,0.9,77.0,88,20,11.83,GH,1603662255
131,Saint-Philippe,-21.36,55.77,67.08,68,0,8.05,RE,1603662363
132,Arraial do Cabo,-22.97,-42.03,71.6,83,75,4.7,BR,1603662363
133,São João da Barra,-21.64,-41.05,71.6,88,90,13.87,BR,1603662301
134,Upernavik,72.79,-56.15,13.86,75,68,4.52,GL,1603662364
135,Pisco,-13.7,-76.22,69.46,64,0,19.46,PE,1603662244
136,Morris,40.83,-74.53,47.59,62,90,6.93,US,1603662364
137,Batemans Bay,-35.72,150.18,55.0,74,100,8.01,AU,1603662364
138,Chokurdakh,70.63,147.92,5.92,92,4,9.91,RU,1603662364
139,Liuhe,42.24,125.72,37.18,80,0,3.94,CN,1603662365
140,Dindori,22.95,81.08,66.67,61,2,1.74,IN,1603662365
141,Narsaq,60.92,-46.05,41.0,56,100,23.04,GL,1603662366
142,Margate,51.38,1.39,50.11,81,83,7.0,GB,1603662367
143,Guerrero Negro,27.98,-114.06,72.3,61,34,16.42,MX,1603662367
144,Adrar,20.5,-10.07,89.44,12,58,7.83,MR,1603662367
145,Yellowknife,62.46,-114.35,29.7,68,75,5.82,CA,1603662368
146,Camacupa,-12.02,17.48,67.46,60,77,3.13,AO,1603662368
147,Vila Velha,-20.33,-40.29,71.29,94,75,2.24,BR,1603662368
148,Mar del Plata,-38.0,-57.56,60.85,100,90,3.36,AR,1603662193
149,Sungai Penuh,-2.08,101.38,64.11,90,100,0.89,ID,1603662369
150,Tuktoyaktuk,69.45,-133.04,23.0,85,90,18.34,CA,1603662213
151,Butaritari,3.07,172.79,81.25,70,59,9.64,KI,1603662369
152,Salalah,17.02,54.09,77.0,57,0,5.82,OM,1603662369
153,Ponot,8.45,123.02,75.0,100,100,10.69,PH,1603662369
154,Brigantine,39.41,-74.36,50.5,93,90,9.17,US,1603662186
155,Manono,-7.3,27.42,71.31,89,94,2.04,CD,1603662370
156,Sühbaatar,50.23,106.21,25.11,84,91,5.55,MN,1603662370
157,Chumphon,10.33,98.83,71.29,98,91,0.76,TH,1603662370
158,Mount Gambier,-37.83,140.77,50.0,71,3,12.75,AU,1603662370
159,Port Elizabeth,-33.92,25.57,64.4,88,100,11.41,ZA,1603662370
160,Kiryat Gat,31.61,34.76,74.37,83,0,4.7,IL,1603662246
161,Waitati,-45.75,170.57,46.0,90,100,8.99,NZ,1603662372
162,Ponta Delgada,37.73,-25.67,59.0,82,20,5.82,PT,1603662372
163,Westport,41.14,-73.36,50.77,68,100,6.55,US,1603662305
164,Meulaboh,4.14,96.13,75.58,85,100,5.08,ID,1603662197
165,Eureka,40.8,-124.16,61.95,64,0,7.0,US,1603662372
166,College,64.86,-147.8,28.44,73,75,3.49,US,1603662372
167,Flin Flon,54.77,-101.86,26.6,58,90,9.17,CA,1603662335
168,Cabra,37.47,-4.44,60.15,93,75,18.34,ES,1603662373
169,Mareeba,-17.0,145.43,73.36,78,75,1.12,AU,1603662373
170,Ngunguru,-35.62,174.5,69.01,79,19,5.99,NZ,1603662160
171,Ishigaki,24.34,124.16,75.2,73,20,11.41,JP,1603662373
172,Ozora,46.75,18.4,54.0,99,37,4.0,HU,1603662373
173,Shangrao,28.45,117.97,60.67,76,92,2.8,CN,1603662373
174,Bayevo,53.28,80.77,38.16,86,100,16.51,RU,1603662374
175,Pemberton,50.32,-122.8,30.2,46,90,3.36,CA,1603662374
176,Saskylakh,71.92,114.08,7.36,93,100,10.71,RU,1603662266
177,Vostok,46.49,135.88,30.11,99,70,1.7,RU,1603662374
178,Porto-Novo,6.5,2.6,78.8,88,40,3.36,BJ,1603662374
179,Krasnyy Yar,46.53,48.35,55.2,76,0,8.95,RU,1603662374
180,Warri,5.52,5.75,76.21,91,88,3.11,NG,1603662374
181,Leh,34.17,77.58,27.18,84,92,2.17,IN,1603662375
182,Peniche,39.36,-9.38,58.68,76,79,8.99,PT,1603662375
183,Dunedin,-45.87,170.5,46.0,91,100,5.99,NZ,1603662299
184,Kayes,14.0,-11.0,78.8,65,27,4.7,ML,1603662375
185,Freeport,40.66,-73.58,50.94,57,90,9.17,US,1603662316
186,Sabang,5.89,95.32,82.26,74,100,15.75,ID,1603662376
187,Pedernales,18.04,-71.74,84.2,74,40,18.34,DO,1603662376
188,Baghdad,33.34,44.4,64.4,45,0,1.19,IQ,1603662376
189,Nānākuli,21.39,-158.15,82.31,70,1,9.17,US,1603662376
190,Hurghada,27.26,33.81,77.0,50,0,10.29,EG,1603662376
191,San Patricio,28.02,-97.52,82.0,70,75,19.46,US,1603662376
192,Cabinda,-5.55,12.2,76.91,85,96,8.16,AO,1603662377
193,Umluj,25.02,37.27,78.91,49,0,2.64,SA,1603662254
194,Yulara,-25.24,130.99,60.8,36,36,12.75,AU,1603662111
195,Taoudenni,22.68,-3.98,87.35,13,21,8.63,ML,1603662250
196,Praia da Vitória,38.73,-27.07,63.19,82,75,5.32,PT,1603662187
197,Whyalla,-33.03,137.58,53.6,50,90,11.41,AU,1603662377
198,Kattivākkam,13.22,80.32,80.6,94,75,4.7,IN,1603662378
199,Cidreira,-30.18,-50.21,69.12,87,8,24.09,BR,1603662378
200,Ostrovnoy,68.05,39.51,31.96,93,100,6.49,RU,1603662314
201,Huainan,32.63,117.0,57.7,81,70,0.6,CN,1603662378
202,Alofi,-19.06,-169.92,75.2,94,90,13.87,NU,1603662339
203,Synya,65.37,58.04,20.8,98,85,3.09,RU,1603662378
204,Honningsvåg,70.98,25.97,37.4,69,75,18.34,NO,1603662259
205,Gua Musang,4.88,101.96,73.74,93,100,0.81,MY,1603662379
206,Dali,25.7,100.18,58.41,87,62,2.06,CN,1603662379
207,Dabhoi,22.18,73.43,75.16,46,0,4.32,IN,1603662379
208,Gijang,35.24,129.21,48.2,76,0,8.05,KR,1603662379
209,Chennai,13.09,80.28,80.6,94,75,4.7,IN,1603662221
210,Canapi,-9.12,-37.6,83.95,52,68,13.4,BR,1603662380
211,Hofn,64.25,-15.21,44.11,75,100,14.07,IS,1603662380
212,Bucak,37.46,30.59,59.38,54,0,6.93,TR,1603662381
213,Beloha,-25.17,45.05,67.75,74,99,5.35,MG,1603662381
214,Puerto Madryn,-42.77,-65.04,66.52,25,31,22.77,AR,1603662381
215,Houma,29.6,-90.72,77.43,65,1,5.86,US,1603662381
216,Oranjemund,-28.55,16.43,58.69,87,26,16.69,NA,1603662381
217,Russell,32.35,-85.2,75.85,65,90,3.36,US,1603662381
218,Saint-François,46.42,3.91,51.89,87,100,5.82,FR,1603662382
219,Kasamwa,-2.85,32.43,68.76,80,27,2.71,TZ,1603662382
220,Calbuco,-41.77,-73.13,55.4,58,75,10.29,CL,1603662382
221,Marfino,55.7,37.38,47.46,87,75,8.95,RU,1603662382
222,Nanortalik,60.14,-45.24,35.82,84,100,15.05,GL,1603662382
223,Adra,36.75,-3.02,62.58,72,0,6.93,ES,1603662382
224,Nchelenge,-9.35,28.73,78.8,59,45,4.56,ZM,1603662382
225,Arrecife,28.96,-13.55,69.8,64,20,10.29,ES,1603662383
226,Tiarei,-17.53,-149.33,82.18,74,75,5.82,PF,1603662383
227,Beringovskiy,63.05,179.32,30.58,92,56,2.98,RU,1603662383
228,Ducheng,23.24,111.53,68.43,73,99,1.95,CN,1603662383
229,Hutchinson,38.06,-97.93,33.46,80,90,10.29,US,1603662384
230,Chapais,49.78,-74.85,28.4,68,90,5.82,CA,1603662248
231,Qaanaaq,77.48,-69.36,11.84,80,100,11.5,GL,1603662198
232,Khartoum,15.55,32.53,85.44,17,0,11.41,SD,1603662384
233,Necochea,-38.55,-58.74,57.99,90,100,4.0,AR,1603662384
234,Turukhansk,65.82,87.98,2.48,91,29,6.31,RU,1603662254
235,Namatanai,-3.67,152.43,81.28,78,98,4.07,PG,1603662385
236,Nishihara,26.18,127.76,67.01,82,20,4.7,JP,1603662386
237,Qaqortoq,60.72,-46.03,41.0,56,100,23.04,GL,1603662386
238,Bam,29.11,58.36,54.91,37,0,5.35,IR,1603662321
239,Ribeira Brava,32.65,-17.07,63.25,64,20,5.82,PT,1603662386
240,Mashhad,36.3,59.61,48.2,57,0,3.29,IR,1603662386
241,Tarime,-1.35,34.37,65.57,85,93,5.26,TZ,1603662386
242,Sarakhs,36.54,61.16,50.0,34,0,4.7,IR,1603662386
243,Port Lincoln,-34.73,135.87,53.56,62,37,16.67,AU,1603662254
244,Saint Paul Harbor,57.79,-152.41,48.2,87,90,24.16,US,1603662387
245,Esperance,-33.87,121.9,51.8,76,0,17.22,AU,1603662387
246,Elk River,45.3,-93.57,28.35,78,100,7.85,US,1603662387
247,Nome,64.5,-165.41,37.76,86,90,6.93,US,1603662387
248,Mossamedes,-15.2,12.15,68.58,79,48,1.81,AO,1603662387
249,Tasiilaq,65.61,-37.64,32.0,98,99,10.29,GL,1603662186
250,Yafran,32.06,12.53,61.47,79,77,7.92,LY,1603662388
251,Chiautla,19.53,-98.88,75.09,12,5,6.93,MX,1603662388
252,Bustamante,26.53,-100.5,92.3,35,0,9.89,MX,1603662388
253,Suntar,62.14,117.63,22.37,97,100,11.5,RU,1603662388
254,Dawlatabad,36.41,64.91,43.32,62,0,2.42,AF,1603662388
255,Tessalit,20.2,1.01,79.59,15,0,9.51,ML,1603662388
256,Te Anau,-45.42,167.72,47.23,76,100,4.41,NZ,1603662388
257,George Town,5.41,100.34,77.77,94,40,5.21,MY,1603662310
258,Assiut,27.18,31.18,69.8,60,0,6.93,EG,1603662389
259,Kavaratti,10.57,72.64,81.45,76,93,6.89,IN,1603662187
260,Klaksvík,62.23,-6.59,44.6,87,31,8.05,FO,1603662389
261,Kalach-na-Donu,48.69,43.53,41.85,87,0,8.95,RU,1603662389
262,Flinders,-34.58,150.86,60.01,75,100,8.01,AU,1603662389
263,Escanaba,45.75,-87.06,36.41,69,90,3.36,US,1603662390
264,Krasnoshchekovo,51.67,82.73,36.63,81,88,22.15,RU,1603662390
265,Tezu,27.92,96.17,70.81,70,3,2.75,IN,1603662390
266,Carbonia,39.17,8.52,58.77,93,20,5.82,IT,1603662247
267,Bengkulu,-3.8,102.27,75.09,87,100,3.02,ID,1603662270
268,Lystrup,56.24,10.24,51.06,93,100,3.36,DK,1603662390
269,Clyde River,70.47,-68.59,17.6,78,90,6.93,CA,1603662390
270,Sakaiminato,35.55,133.23,48.54,93,40,3.36,JP,1603662391
271,Thinadhoo,0.53,72.93,82.9,72,7,7.85,MV,1603662391
272,Beïnamar,8.67,15.38,75.63,61,2,3.13,TD,1603662391
273,Katsuura,35.13,140.3,55.4,76,75,8.05,JP,1603662391
274,Port Blair,11.67,92.75,78.13,85,73,7.2,IN,1603662392
275,Mingshui,36.72,117.5,59.0,56,55,5.01,CN,1603662392
276,Huarmey,-10.07,-78.15,67.15,73,26,9.84,PE,1603662392
277,Niamey,13.51,2.11,86.0,22,32,3.36,NE,1603662392
278,Camacha,33.08,-16.33,68.0,77,20,11.41,PT,1603662392
279,Dudinka,69.41,86.18,10.4,85,75,11.18,RU,1603662392
280,Oxford,51.75,-1.26,44.2,93,0,5.82,GB,1603662392
281,Waipawa,-41.41,175.52,61.86,88,95,21.92,NZ,1603662393
282,Souillac,-20.52,57.52,71.6,88,75,11.41,MU,1603662391
283,Hirara,24.8,125.28,75.79,67,99,15.95,JP,1603662393
284,Atikokan,48.76,-91.62,28.42,88,100,5.37,CA,1603662393
285,Sitrah,26.15,50.62,80.6,69,5,2.24,BH,1603662394
286,Port Hardy,50.7,-127.42,42.8,58,90,8.05,CA,1603662394
287,Celestún,20.87,-90.4,82.24,75,16,13.62,MX,1603662394
288,Merritt Island,28.54,-80.67,80.33,83,90,4.7,US,1603662308
289,Dubna,56.73,37.17,42.12,94,76,6.22,RU,1603662394
290,Copala,16.65,-98.98,84.02,76,100,7.99,MX,1603662394
291,Saquarema,-22.92,-42.51,71.6,83,75,4.7,BR,1603662384
292,Xining,36.62,101.77,36.95,66,99,1.9,CN,1603662394
293,Finschhafen,-6.6,147.87,80.06,76,100,6.8,PG,1603662395
294,Saint George,37.1,-113.58,71.6,21,69,16.11,US,1603662350
295,Madang,-5.22,145.8,77.0,87,96,5.44,PG,1603662395
296,La Rioja,42.25,-2.5,51.04,87,40,2.24,ES,1603662395
297,Aljustrel,37.88,-8.17,57.2,93,40,11.41,PT,1603662395
298,Rørvik,64.86,11.24,46.4,87,20,10.29,NO,1603662395
299,Esmeraldas,-19.76,-44.31,68.0,94,75,5.82,BR,1603662395
300,Santa María del Oro,25.93,-105.37,82.35,21,0,18.5,MX,1603662396
301,Cândido Mendes,-1.45,-45.72,79.3,77,97,4.83,BR,1603662396
302,Taihecun,45.8,130.85,33.44,92,0,2.39,CN,1603662396
303,Coyhaique,-45.58,-72.07,51.8,53,75,4.7,CL,1603662396
304,Salé,34.04,-6.82,56.16,93,40,4.7,MA,1603662396
305,Fenoarivo,-18.93,47.44,60.8,82,75,5.82,MG,1603662396
306,Viedma,-40.81,-63.0,66.99,27,0,4.0,AR,1603662396
307,Mount Isa,-20.73,139.5,69.8,32,91,11.41,AU,1603662396
308,Pochutla,15.74,-96.47,87.39,62,40,5.57,MX,1603662397
309,Requena,39.49,-1.1,57.0,70,91,8.01,ES,1603662397
310,Maltahöhe,-24.83,16.98,76.23,18,50,24.58,NA,1603662397
311,Sala Consilina,40.39,15.6,53.42,88,26,1.01,IT,1603662397
312,Quatre Cocos,-20.21,57.76,72.34,88,75,11.41,MU,1603662397
313,Oga,46.46,10.35,42.98,93,90,2.24,IT,1603662397
314,Saldanha,-33.01,17.94,59.0,77,24,8.05,ZA,1603662188
315,Burnie,-41.07,145.92,51.01,52,0,13.0,AU,1603662398
316,Voh,-20.97,164.7,81.91,55,1,4.25,NC,1603662398
317,Amos,48.57,-78.12,33.93,64,90,6.93,CA,1603662398
318,Cabo San Lucas,22.89,-109.91,90.23,49,20,9.17,MX,1603662398
319,Lebu,-37.62,-73.65,52.97,63,0,8.05,CL,1603662224
320,Vila Franca do Campo,37.72,-25.43,59.0,82,20,5.82,PT,1603662399
321,Mityana,0.42,32.02,69.8,83,20,4.7,UG,1603662399
322,Canutama,-6.53,-64.38,80.11,76,88,3.04,BR,1603662399
323,Broome,42.25,-75.83,47.46,49,90,4.7,US,1603662399
324,Ambon City,-3.7,128.18,75.67,94,20,6.93,ID,1603662400
325,Waingapu,-9.66,120.26,78.55,77,100,5.7,ID,1603662400
326,Tomatlán,19.93,-105.25,86.59,75,20,10.02,MX,1603662400
327,Omboué,-1.57,9.26,77.61,86,100,7.45,GA,1603662400
328,Pimentel,-6.84,-79.93,64.8,82,68,15.75,PE,1603662400
329,Chapleau,47.84,-83.4,28.4,86,90,4.7,CA,1603662400
330,La Paz,-16.5,-68.15,55.4,37,75,13.87,BO,1603662196
331,Menongue,-14.66,17.69,68.79,25,0,3.06,AO,1603662400
332,Dashitou,43.31,128.51,32.52,93,2,1.45,CN,1603662401
333,Słupca,52.29,17.87,47.98,92,0,7.0,PL,1603662401
334,Nurota,40.56,65.69,41.0,48,42,6.93,UZ,1603662401
335,Hanzhong,33.07,107.03,61.95,70,98,1.36,CN,1603662401
336,Dargaville,-35.93,173.88,69.26,59,2,4.03,NZ,1603662402
337,Abnūb,27.27,31.15,69.8,60,0,6.93,EG,1603662402
338,Egvekinot,66.32,-179.17,22.17,94,0,3.02,RU,1603662124
339,Baruun-Urt,46.68,113.28,33.73,84,0,12.68,MN,1603662402
340,Ulaangom,49.98,92.07,25.47,80,100,5.77,MN,1603662402
341,Nambucca Heads,-30.65,153.0,65.16,93,90,4.7,AU,1603662402
342,Puerto Escondido,15.85,-97.07,87.8,70,40,5.37,MX,1603662254
343,Qasigiannguit,68.82,-51.19,14.0,56,77,2.24,GL,1603662402
344,Grand-Santi,4.25,-54.38,80.42,69,94,4.29,GF,1603662403
345,Touros,-5.2,-35.46,80.6,78,40,9.17,BR,1603662403
346,Yerbogachën,61.28,108.01,23.5,92,100,3.49,RU,1603662403
347,Luque,37.56,-4.28,61.27,93,75,18.34,ES,1603662403
348,Kununurra,-15.77,128.73,78.8,94,65,4.7,AU,1603662403
349,Whitehorse,60.72,-135.05,26.69,79,90,12.75,CA,1603662373
350,Coahuayana Viejo,18.73,-103.68,86.0,62,40,11.41,MX,1603662404
351,Kaitangata,-46.28,169.85,47.5,81,99,3.44,NZ,1603662404
352,Juneau,58.3,-134.42,34.36,86,90,19.46,US,1603662300
353,Ndélé,8.41,20.65,74.41,72,57,1.12,CF,1603662404
354,Nizhniy Ingash,56.2,96.53,26.47,84,69,6.26,RU,1603662404
355,San Quintín,30.48,-115.95,68.88,64,63,13.06,MX,1603662405
356,Vestmanna,62.16,-7.17,44.6,87,9,8.05,FO,1603662405
357,Bethanien,-26.5,17.16,70.95,23,9,8.39,NA,1603662405
358,Fortuna,40.6,-124.16,61.41,62,1,11.41,US,1603662197
359,Silver City,32.77,-108.28,67.82,18,1,17.22,US,1603662306
360,Kavieng,-2.57,150.8,82.8,74,100,6.93,PG,1603662405
361,Togur,58.36,82.83,26.62,98,99,10.29,RU,1603662406
362,Tiksi,71.69,128.87,4.82,90,100,29.82,RU,1603662326
363,Polokwane,-23.9,29.47,71.6,37,0,6.93,ZA,1603662406
364,Swan Hill,-35.34,143.55,49.55,85,100,13.35,AU,1603662406
365,Yamada,39.47,141.95,48.94,77,78,4.52,JP,1603662406
366,Sabzawār,36.21,57.68,46.98,57,0,0.58,IR,1603662406
367,Comodoro Rivadavia,-45.87,-67.5,66.2,33,40,17.22,AR,1603662162
368,Vestmannaeyjar,63.44,-20.27,44.67,75,1,2.75,IS,1603662406
369,Karpathos,35.51,27.21,68.0,82,93,8.05,GR,1603662406
370,Uglovskoye,51.36,80.19,41.05,66,99,15.99,RU,1603662407
371,Sakakah,29.97,40.21,69.8,12,20,5.82,SA,1603662407
372,Alta,69.97,23.27,34.84,74,96,29.97,NO,1603662407
373,Livingston,55.9,-3.52,47.8,81,75,11.41,GB,1603662407
374,Auray,47.67,-2.99,51.04,79,26,3.0,FR,1603662408
375,Mandera,3.94,41.87,83.43,56,20,14.0,KE,1603662408
376,Buraidah,26.33,43.98,64.4,25,0,7.54,SA,1603662340
377,Sesheke,-17.48,24.3,73.4,35,0,1.12,ZM,1603662408
378,Lopare,44.64,18.84,49.71,100,75,2.24,BA,1603662408
379,Salinópolis,-0.61,-47.36,81.34,77,50,11.86,BR,1603662377
380,Baker City,44.77,-117.83,34.38,34,1,18.34,US,1603662408
381,Biak,-0.91,122.88,77.29,76,100,4.0,ID,1603662408
382,Pangkalanbuun,-2.68,111.62,74.79,95,100,2.57,ID,1603662409
383,Alugan,12.22,125.48,79.86,83,100,15.32,PH,1603662409
384,Iqaluit,63.75,-68.51,10.2,85,75,5.82,CA,1603662237
385,Chipinge,-20.19,32.62,63.88,55,0,6.17,ZW,1603662366
386,Korla,41.76,86.15,46.0,65,97,1.99,CN,1603662347
387,Chodzież,52.99,16.92,49.44,93,44,9.17,PL,1603662410
388,Pacific Grove,36.62,-121.92,61.39,72,75,5.82,US,1603662388
389,Walvis Bay,-22.96,14.51,57.56,87,0,3.36,NA,1603662410
390,Athabasca,54.72,-113.29,28.36,79,82,11.39,CA,1603662305
391,Lal'sk,60.74,47.59,26.65,97,96,6.69,RU,1603662410
392,Inhambane,-23.86,35.38,72.5,90,1,6.08,MZ,1603662410
393,Bonavista,48.65,-53.11,41.0,84,42,17.0,CA,1603662410
394,Saryozek,44.36,77.98,38.82,67,40,2.93,KZ,1603662410
395,San Policarpo,12.18,125.51,80.38,82,100,16.28,PH,1603662411
396,Belmonte,-15.86,-38.88,77.0,83,75,9.17,BR,1603662411
397,Severnoye,56.35,78.36,34.9,98,100,6.87,RU,1603662411
398,Husavik,66.04,-17.34,42.8,75,75,13.87,IS,1603662411
399,Abu Dhabi,24.47,54.37,79.03,69,0,3.36,AE,1603662409
400,Zhigansk,66.77,123.37,-2.72,88,0,4.99,RU,1603662412
401,Bubaque,11.28,-15.83,83.71,81,11,11.3,GW,1603662365
402,Aripuanã,-9.17,-60.63,82.56,65,81,1.16,BR,1603662332
403,Dikson,73.51,80.55,18.39,97,100,12.84,RU,1603662412
404,Departamento de Maldonado,-34.67,-54.92,70.9,78,90,4.7,UY,1603662412
405,North Bend,43.41,-124.22,55.22,32,1,13.87,US,1603662412
406,Laem Sing,12.48,102.07,77.0,86,12,5.03,TH,1603662412
407,Khovd,48.01,91.64,26.22,76,48,0.69,MN,1603662179
408,Mildura,-34.2,142.15,49.08,76,90,10.29,AU,1603662324
409,Biltine,14.53,20.92,78.22,17,9,8.23,TD,1603662413
410,Lata,40.16,-8.33,52.52,89,64,5.66,PT,1603662413
411,Inuvik,68.35,-133.72,24.8,79,90,12.75,CA,1603662413
412,Manado,1.49,124.85,73.4,94,40,2.44,ID,1603662146
413,Fresno,36.67,-119.83,68.94,49,75,5.82,US,1603662363
414,Paka,4.64,103.44,73.2,100,100,11.12,MY,1603662414
415,Longonjo,-12.91,15.25,67.59,70,93,2.86,AO,1603662297
416,Yeppoon,-23.13,150.73,73.4,88,75,1.25,AU,1603662414
417,Tabou,4.42,-7.35,77.86,88,90,5.95,CI,1603662414
418,Balaipungut,1.05,101.28,77.0,83,40,2.26,ID,1603662414
419,Brae,60.4,-1.35,50.0,81,68,19.46,GB,1603662414
420,Wilmington,34.23,-77.94,72.72,83,90,5.82,US,1603662351
421,Viranşehir,37.24,39.76,65.32,26,60,3.31,TR,1603662414
422,Hualmay,-11.1,-77.61,65.48,76,52,9.75,PE,1603662415
423,Yangi Marg`ilon,40.43,71.72,46.4,52,0,4.7,UZ,1603662293
424,Hambantota,6.12,81.12,78.42,81,100,11.14,LK,1603662415
425,Cañete,-37.8,-73.4,53.28,59,0,4.56,CL,1603662415
426,Jiayuguan City,39.82,98.3,33.8,69,86,6.71,CN,1603662415
427,Fort-Shevchenko,44.51,50.26,61.84,74,100,10.8,KZ,1603662415
428,Teguise,29.06,-13.56,69.8,64,20,10.29,ES,1603662416
429,Emmett,43.87,-116.5,43.68,24,0,8.99,US,1603662416
430,Kongwa,-6.2,36.42,67.42,73,8,5.12,TZ,1603662416
431,Port Hedland,-20.32,118.57,69.8,94,96,9.17,AU,1603662416
432,Nsanje,-16.92,35.26,74.64,73,0,4.0,MW,1603662416
433,Novoil'insk,51.68,108.71,24.91,88,93,16.17,RU,1603662416
434,Angoche,-16.23,39.91,76.59,80,88,2.48,MZ,1603662416
435,Ndioum,16.51,-14.65,86.0,45,0,9.93,SN,1603662417
436,Pangnirtung,66.15,-65.71,13.03,84,24,5.12,CA,1603662417
437,Discovery Bay,37.91,-121.6,66.72,59,1,11.41,US,1603662417
438,Zyryanka,65.75,150.85,15.8,95,98,3.44,RU,1603662417
439,Ancud,-41.87,-73.82,47.7,57,90,13.87,CL,1603662417
440,Taywarah,33.35,64.42,28.11,82,0,2.73,AF,1603662417
441,Tulum,20.22,-87.47,84.7,74,75,9.17,MX,1603662418
442,Kinshasa,-4.32,15.32,76.32,85,100,1.7,CD,1603662133
443,Katherine,-14.47,132.27,78.8,74,40,9.17,AU,1603662418
444,Banff,51.18,-115.57,32.0,42,11,3.0,CA,1603662304
445,Bako,5.78,36.57,63.36,90,91,3.89,ET,1603662418
446,The Valley,18.22,-63.06,84.15,79,20,13.87,AI,1603662418
447,Grindavik,63.84,-22.43,41.0,93,0,10.29,IS,1603662418
448,Jablah,35.36,35.93,68.0,45,0,4.7,SY,1603662418
449,Vaitape,-16.52,-151.75,81.3,67,23,6.55,PF,1603662419
450,Northam,51.03,-4.22,47.32,94,15,14.07,GB,1603662419
451,Yar-Sale,66.83,70.83,11.59,96,70,10.27,RU,1603662419
452,Chkalovskoye,44.84,133.04,36.03,89,0,1.48,RU,1603662419
453,Auki,-8.77,160.7,85.21,68,91,1.74,SB,1603662419
454,Sangar,63.92,127.47,14.23,90,100,4.76,RU,1603662419
455,Kieta,-6.22,155.63,83.07,69,36,2.15,PG,1603662281
456,Mbandaka,0.05,18.26,72.41,96,61,3.47,CD,1603662420
457,Chāmpua,22.08,85.67,67.93,51,3,1.59,IN,1603662420
458,‘Ewa Beach,21.32,-158.01,82.24,70,1,9.17,US,1603662420
459,Daru,-9.08,143.21,80.87,79,44,6.73,PG,1603662420
460,Bar Harbor,44.39,-68.2,42.66,45,1,6.93,US,1603662205
461,Kushiro,42.98,144.37,45.28,79,0,8.63,JP,1603662420
462,Zlobin,45.29,14.65,57.92,93,40,6.93,HR,1603662420
463,Talnakh,69.49,88.4,10.4,85,75,11.18,RU,1603662396
464,Morón,-34.65,-58.62,71.08,88,90,8.05,AR,1603662316
465,La Ronge,55.1,-105.28,28.4,46,75,10.29,CA,1603662421
466,Hasaki,35.73,140.83,46.89,93,75,2.24,JP,1603662421
467,Severo-Yeniseyskiy,60.37,93.04,15.55,97,100,3.22,RU,1603662421
468,Ilhabela,-23.78,-45.36,71.98,87,28,9.08,BR,1603662421
469,Barranca,-10.75,-77.77,64.24,80,29,9.37,PE,1603662421
470,Asău,46.43,26.4,53.01,98,100,1.23,RO,1603662421
471,Santa Lucía,27.91,-15.54,69.91,68,20,20.8,ES,1603662422
472,Gloucester,51.87,-2.24,44.98,91,10,9.73,GB,1603662175
473,Quelimane,-17.88,36.89,77.0,88,0,8.05,MZ,1603662422
474,Mbanza-Ngungu,-5.25,14.87,71.98,90,100,4.27,CD,1603662422
475,Merauke,-8.47,140.33,79.43,77,62,8.39,ID,1603662422
476,Uruçuí,-7.23,-44.56,80.08,68,97,1.83,BR,1603662422
477,Deputatsky,69.3,139.9,4.14,89,2,5.66,RU,1603662423
478,Rondonópolis,-16.47,-54.64,79.84,76,82,5.35,BR,1603662423
479,Emerald,-23.53,148.17,69.46,68,40,11.41,AU,1603662423
480,Launceston,-41.45,147.17,51.8,70,75,13.87,AU,1603662423
481,Port Hawkesbury,45.62,-61.35,40.32,70,90,12.75,CA,1603662423
482,Zhigalovo,54.81,105.16,19.18,95,15,3.94,RU,1603662424
483,Torbat-e Jām,35.24,60.62,45.59,51,0,3.51,IR,1603662424
484,Visnes,59.36,5.22,50.05,81,40,18.34,NO,1603662424
485,Makakilo City,21.35,-158.09,82.4,70,1,9.17,US,1603662424
486,Kembé,4.62,21.89,71.98,93,100,1.12,CF,1603662424
487,Plainview,40.78,-73.47,50.59,57,90,9.17,US,1603662424
488,Ankang,32.68,109.02,62.13,65,97,0.63,CN,1603662424
489,Kawalu,-7.38,108.21,72.45,93,100,1.72,ID,1603662425
490,Riberalta,-10.98,-66.1,89.6,62,75,11.41,BO,1603662425
491,Banda Aceh,5.56,95.32,80.1,72,100,9.91,ID,1603662425
492,Ambanja,-13.68,48.45,73.78,83,14,2.04,MG,1603662425
493,Pasni,25.26,63.47,75.99,36,0,13.11,PK,1603662425
494,Nortelândia,-14.45,-56.8,82.94,60,7,4.38,BR,1603662426
495,Boa Vista,2.82,-60.67,95.0,39,20,8.05,BR,1603662426
496,Ozernovskiy,51.5,156.52,44.67,78,89,6.29,RU,1603662426
497,Capela,-10.5,-37.05,82.4,69,40,12.75,BR,1603662426
498,Dubti,11.74,41.09,82.74,25,5,12.19,ET,1603662426
499,Rock Sound,24.9,-76.2,81.34,81,100,9.62,BS,1603662426
500,Luba,3.46,8.55,78.89,80,100,2.08,GQ,1603662426
501,Puerto del Rosario,28.5,-13.86,69.8,73,40,18.34,ES,1603662426
502,Tigil',57.8,158.67,39.54,71,100,15.59,RU,1603662427
503,Stourbridge,52.46,-2.14,43.7,93,15,1.99,GB,1603662427
504,Pringsewu,-5.36,104.97,73.58,84,100,4.9,ID,1603662427
505,Ozinki,51.18,49.68,42.85,71,72,21.45,RU,1603662427
506,Bud,39.45,-86.18,51.57,53,90,6.93,US,1603662427
507,Zhangye,38.93,100.45,38.3,59,92,3.15,CN,1603662427
508,Bonthe,7.53,-12.51,78.78,83,8,5.55,SL,1603662427
509,Abhā,18.22,42.51,62.47,17,0,1.59,SA,1603662428
510,Iskateley,67.68,53.15,15.19,96,8,10.42,RU,1603662428
511,Inta,66.03,60.17,18.41,94,92,10.67,RU,1603662428
512,Hannō,35.85,139.32,50.0,76,1,3.36,JP,1603662428
513,Cururupu,-1.83,-44.87,78.21,82,51,3.71,BR,1603662180
514,Paamiut,61.99,-49.67,36.37,83,97,15.59,GL,1603662428
515,Muswellbrook,-32.27,150.9,56.12,94,99,7.56,AU,1603662428
516,Sørland,67.67,12.69,39.2,86,75,5.82,NO,1603662189
517,Karratha,-20.74,116.85,64.11,91,100,12.33,AU,1603662429
518,Vila,42.03,-8.16,45.0,94,93,5.01,PT,1603662429
519,Kruisfontein,-34.0,24.73,61.0,95,100,12.19,ZA,1603662429
520,Dubbo,-32.25,148.62,55.4,100,90,3.36,AU,1603662429
521,Bekwai,6.45,-1.58,73.94,89,89,2.59,GH,1603662429
522,Srednekolymsk,67.45,153.68,11.17,91,48,0.2,RU,1603662429
523,Cayenne,4.93,-52.33,84.2,74,20,8.05,GF,1603662430
524,Kanelovskaya,46.59,39.19,56.82,71,100,10.56,RU,1603662430
525,Saquena,-4.67,-73.52,86.99,64,80,1.99,PE,1603662430
526,Los Llanos de Aridane,28.66,-17.92,65.79,64,69,13.87,ES,1603662430
527,Mayor Pablo Lagerenza,-19.93,-60.77,95.09,35,95,11.81,PY,1603662430
528,Kedrovyy,56.17,91.82,21.2,92,100,4.47,RU,1603662430
529,Mitú,1.2,-70.17,79.79,85,100,1.61,CO,1603662200
530,Sisimiut,66.94,-53.67,20.37,86,95,9.22,GL,1603662322
531,Bilibino,68.05,166.44,17.2,93,98,2.35,RU,1603662254
532,Cagliliog,13.9,123.29,78.28,89,100,11.74,PH,1603662431
533,Ahipara,-35.17,173.17,67.5,67,4,6.04,NZ,1603662215
534,Iracoubo,5.48,-53.2,81.54,80,24,9.93,GF,1603662431
535,Lahad Datu,5.03,118.33,75.79,90,93,6.35,MY,1603662431
536,Saint-Joseph,-21.37,55.62,69.8,68,0,8.05,RE,1603662431
537,San Jerónimo,-11.95,-75.28,63.0,41,75,6.2,PE,1603662432
538,Namie,37.48,141.0,51.98,86,96,7.31,JP,1603662432
539,Hamilton,39.18,-84.53,53.15,66,90,5.82,US,1603662304
540,Simpang,-1.27,104.08,71.73,95,100,6.38,ID,1603662432
541,Lüderitz,-26.65,15.16,65.34,54,74,24.05,NA,1603662432
542,Mindelo,16.89,-24.98,82.4,65,20,26.4,CV,1603662432
543,Rome,43.21,-75.46,46.92,49,90,6.93,US,1603662143
544,Ketchikan,55.34,-131.65,36.3,93,90,17.22,US,1603662432
545,Mogadishu,2.04,45.34,79.9,82,95,10.49,SO,1603662139
546,Soe,-9.86,124.28,69.22,92,100,0.45,ID,1603662433
547,Apatity,67.56,33.4,21.78,96,77,7.18,RU,1603662433
548,Inongo,-1.95,18.27,73.4,85,58,4.07,CD,1603662433
549,Nara,34.69,135.8,47.52,93,75,3.36,JP,1603662433
550,Nuuk,64.18,-51.72,24.8,79,100,11.41,GL,1603662433
551,Marathon,44.9,-89.77,30.25,92,90,5.82,US,1603662434
552,Wanning,18.8,110.4,76.6,92,100,9.69,CN,1603662434
553,Kamaishi,39.27,141.88,50.7,72,90,5.82,JP,1603662139
554,Deloraine,-41.53,146.67,52.66,70,0,5.26,AU,1603662434
555,Kemijärvi,66.71,27.43,30.47,97,100,9.15,FI,1603662434
556,Ciudad Río Bravo,25.98,-98.1,90.82,46,40,11.41,MX,1603662434
557,Las Palmas,28.42,-14.01,69.8,73,40,18.34,ES,1603662434
558,Sterling,39.01,-77.43,45.41,93,90,9.17,US,1603662268
559,Totskoye,52.52,52.76,46.69,85,100,14.63,RU,1603662435
560,Naze,28.37,129.48,71.6,64,75,6.93,JP,1603662435
561,Safi,32.3,-9.24,64.53,74,0,9.66,MA,1603662435
562,Kudahuvadhoo,2.67,72.89,82.09,77,66,8.59,MV,1603662435
563,Ponca City,36.71,-97.09,43.09,70,90,16.11,US,1603662436
564,Banting,2.82,101.5,77.0,88,20,2.24,MY,1603662436
565,Tibati,6.47,12.63,69.58,90,97,2.48,CM,1603662436
566,Teya,60.38,92.63,19.58,95,100,3.0,RU,1603662427
567,Severo-Kuril'sk,50.68,156.12,44.22,84,89,4.83,RU,1603662436
568,Sumbe,-11.21,13.84,75.49,86,87,6.87,AO,1603662436
569,Tamiahua,21.27,-97.45,81.36,75,53,10.65,MX,1603662436
570,Warrnambool,-38.38,142.48,55.0,70,0,4.0,AU,1603662302
571,Kloulklubed,7.04,134.26,77.0,94,75,4.0,PW,1603662438
572,Hohhot,40.81,111.65,33.8,74,1,2.24,CN,1603662438
573,Furano,43.28,142.47,40.86,92,99,2.17,JP,1603662438
574,Pālang,23.22,90.35,82.4,69,39,1.57,BD,1603662323
575,Claveria,18.61,121.08,80.22,84,100,18.95,PH,1603662438
576,Tilichiki,60.47,166.1,31.64,96,100,7.14,RU,1603662438
577,Sirte,31.21,16.59,71.92,71,10,7.72,LY,1603662439
578,Baculin,7.45,126.58,79.25,74,100,5.37,PH,1603662439
579,Pachino,36.72,15.09,51.8,93,0,5.82,IT,1603662439
580,Rodino,52.5,80.25,38.71,83,100,17.92,RU,1603662439
581,Malinovoye Ozero,51.68,79.78,39.45,75,100,12.46,RU,1603662439
582,Kutum,14.2,24.67,71.37,23,25,12.12,SD,1603662440
583,Buala,-8.14,159.59,83.52,71,92,0.83,SB,1603662389
584,Portland,45.52,-122.68,46.2,26,20,19.46,US,1603662180
585,Zyryanovsk,49.74,84.27,32.27,80,100,0.98,KZ,1603662440
586,Fengrun,39.83,118.12,51.08,55,100,0.34,CN,1603662440
